"","MISSIONID","REGION","REGION_NAME","ISLAND","ISLANDCODE","REEF_ZONE","DEPTH_BIN","OBS_YEAR","DATE_","NO_SURVEY_YN","SITEVISITID","SITE","DIVER","TRANSECT","SEGMENT","SEGWIDTH","SEGLENGTH","Fragment","COLONYID","SPCODE","MORPHOLOGY","COLONYLENGTH","OLDDEAD","RDEXTENT1","GENRD1","RD1","RDEXTENT2","GENRD2","RD2","GENRD3","RD3","RDEXTENT3","CONDITION_1","CONDITION_2","CONDITION_3","EXTENT_1","EXTENT_2","EXTENT_3","SEVERITY_1","SEVERITY_2","SEVERITY_3","GENUS_CODE","S_ORDER","TAXONNAME","LATITUDE","LONGITUDE","SEC_NAME","ANALYSIS_YEAR","bANALYSIS_SCHEME","MIN_DEPTH_M","MAX_DEPTH_M","TAXONCODE","TRANSECTAREA"
"1","HA1501","SAMOA","American Samoa","Tutuila","TUT","Forereef","Deep","2015","2015-03-03 00:00:00",0,8189,"TUT-01513","BVA",2,0,1,2.5,NA,415845,"AHUM","Branching",15,0,0,"","",0,"","","","",0,"NDZ","","",NA,NA,NA,NA,NA,NA,"ACSP","Scleractinia","Acropora humilis",-14.24907,-170.5833,"TUT_NE_OPEN","2015","BEN_SEC2015",20.4206,21.63974,"AHUM",10
"2","HA1501","SAMOA","American Samoa","Tutuila","TUT","Forereef","Mid","2015","2015-03-03 00:00:00",0,8190,"TUT-01522","BVA",1,5,1,2.5,NA,416207,"AGEM","Encrusting (mounding)",21,0,0,"","",0,"","","","",0,"NDZ","","",NA,NA,NA,NA,NA,NA,"ACSP","Scleractinia","Acropora gemmifera",-14.25584,-170.6055,"TUT_NE_OPEN","2015","BEN_SEC2015",11.88662,14.62969,"ACSP",7.5
"3","HA1501","SAMOA","American Samoa","Tutuila","TUT","Forereef","Mid","2015","2015-03-03 00:00:00",0,8192,"TUT-01525","BVA",1,5,1,2.5,NA,415880,"AGEM","Branching",11,0,0,"","",0,"","","","",0,"NDZ","","",NA,NA,NA,NA,NA,NA,"ACSP","Scleractinia","Acropora gemmifera",-14.25476,-170.5589,"TUT_NE_OPEN","2015","BEN_SEC2015",12.19141,12.80098,"ACSP",10
"4","HA1501","SAMOA","American Samoa","Tutuila","TUT","Forereef","Mid","2015","2015-03-03 00:00:00",0,8192,"TUT-01525","BVA",1,5,1,2.5,NA,415892,"AGEM","Branching",5,0,0,"","",0,"","","","",0,"NDZ","","",NA,NA,NA,NA,NA,NA,"ACSP","Scleractinia","Acropora gemmifera",-14.25476,-170.5589,"TUT_NE_OPEN","2015","BEN_SEC2015",12.19141,12.80098,"ACSP",10
"5","HA1501","SAMOA","American Samoa","Tutuila","TUT","Forereef","Deep","2015","2015-03-01 00:00:00",0,8155,"TUT-01585","BVA",1,15,1,2.5,NA,414838,"AHUM","Branching",10,0,0,"","",0,"","","","",0,"NDZ","","",NA,NA,NA,NA,NA,NA,"ACSP","Scleractinia","Acropora humilis",-14.31244,-170.8365,"TUT_NW_OPEN","2015","BEN_SEC2015",22.5541,23.77324,"AHUM",10
"6","HA1501","SAMOA","American Samoa","Tutuila","TUT","Forereef","Shallow","2015","2015-03-04 00:00:00",0,8230,"TUT-01635","BVA",2,10,1,2.5,NA,418782,"AGEM","Branching",15,0,0,"","",0,"","","","",0,"NDZ","","",NA,NA,NA,NA,NA,NA,"ACSP","Scleractinia","Acropora gemmifera",-14.28641,-170.724,"TUT_NW_OPEN","2015","BEN_SEC2015",5.181347,6.400488,"ACSP",10
"7","HA1501","SAMOA","American Samoa","Tutuila","TUT","Forereef","Mid","2015","2015-02-28 00:00:00",0,8154,"TUT-01715","BVA",1,5,1,2.5,NA,414296,"AHUM","Bifacial Plates",15,0,0,"","",0,"","","","",0,"NDZ","","",NA,NA,NA,NA,NA,NA,"ACSP","Scleractinia","Acropora humilis",-14.29025,-170.5505,"TUT_AUNUU_A","2015","BEN_SEC2015",9.143554,12.80098,"AHUM",10
"8","HA1501","SAMOA","American Samoa","Tutuila","TUT","Forereef","Mid","2015","2015-02-28 00:00:00",0,8154,"TUT-01715","BVA",1,5,1,2.5,NA,414300,"AGEM","Bifacial Plates",10,0,0,"","",0,"","","","",0,"DAMD","","",100,NA,NA,NA,NA,NA,"ACSP","Scleractinia","Acropora gemmifera",-14.29025,-170.5505,"TUT_AUNUU_A","2015","BEN_SEC2015",9.143554,12.80098,"ACSP",10
"9","HA1501","SAMOA","American Samoa","Tutuila","TUT","Forereef","Mid","2015","2015-02-28 00:00:00",0,8154,"TUT-01715","BVA",1,10,1,2.5,NA,414357,"AGEM","Branching",5,0,0,"","",0,"","","","",0,"BLE","","",50,NA,NA,2,NA,NA,"ACSP","Scleractinia","Acropora gemmifera",-14.29025,-170.5505,"TUT_AUNUU_A","2015","BEN_SEC2015",9.143554,12.80098,"ACSP",10
"10","HA1501","SAMOA","American Samoa","Tutuila","TUT","Forereef","Mid","2015","2015-02-28 00:00:00",0,8154,"TUT-01715","BVA",1,10,1,2.5,NA,414358,"AGEM","Branching",9,0,0,"","",0,"","","","",0,"BLE","","",10,NA,NA,2,NA,NA,"ACSP","Scleractinia","Acropora gemmifera",-14.29025,-170.5505,"TUT_AUNUU_A","2015","BEN_SEC2015",9.143554,12.80098,"ACSP",10
"11","HA1501","SAMOA","American Samoa","Tutuila","TUT","Forereef","Mid","2015","2015-02-28 00:00:00",0,8154,"TUT-01715","BVA",1,10,1,2.5,NA,414362,"AGEM","Branching",10,0,0,"","",0,"","","","",0,"BLE","","",50,NA,NA,3,NA,NA,"ACSP","Scleractinia","Acropora gemmifera",-14.29025,-170.5505,"TUT_AUNUU_A","2015","BEN_SEC2015",9.143554,12.80098,"ACSP",10
"12","HA1501","SAMOA","American Samoa","Tutuila","TUT","Forereef","Mid","2015","2015-02-28 00:00:00",0,8154,"TUT-01715","BVA",1,10,1,2.5,NA,414386,"AGEM","Branching",20,0,0,"","",0,"","","","",0,"NDZ","","",NA,NA,NA,NA,NA,NA,"ACSP","Scleractinia","Acropora gemmifera",-14.29025,-170.5505,"TUT_AUNUU_A","2015","BEN_SEC2015",9.143554,12.80098,"ACSP",10
"13","HA1501","SAMOA","American Samoa","Tutuila","TUT","Forereef","Shallow","2015","2015-03-29 00:00:00",0,8620,"TUT-01727","BVA",1,15,1,2.5,NA,439746,"AGEM","Bifacial Plates",12,0,0,"","",0,"","","","",0,"NDZ","","",NA,NA,NA,NA,NA,NA,"ACSP","Scleractinia","Acropora gemmifera",-14.28799,-170.5631,"TUT_AUNUU_A","2015","BEN_SEC2015",5.181347,6.400488,"ACSP",10
"14","HA1501","SAMOA","American Samoa","Tutuila","TUT","Forereef","Shallow","2015","2015-03-29 00:00:00",0,8620,"TUT-01727","BVA",1,15,1,2.5,NA,439750,"AGEM","Bifacial Plates",13,0,0,"","",0,"","","","",0,"NDZ","","",NA,NA,NA,NA,NA,NA,"ACSP","Scleractinia","Acropora gemmifera",-14.28799,-170.5631,"TUT_AUNUU_A","2015","BEN_SEC2015",5.181347,6.400488,"ACSP",10
"15","HA1501","SAMOA","American Samoa","Tutuila","TUT","Forereef","Mid","2015","2015-03-29 00:00:00",0,8621,"TUT-01785","BVA",1,0,1,2.5,NA,440003,"AGEM","Branching",7,0,0,"","",0,"","","","",0,"NDZ","","",NA,NA,NA,NA,NA,NA,"ACSP","Scleractinia","Acropora gemmifera",-14.27784,-170.545,"TUT_AUNUU_B","2015","BEN_SEC2015",16.4584,17.37275,"ACSP",10
"16","HA1501","SAMOA","American Samoa","Tutuila","TUT","Forereef","Mid","2015","2015-03-29 00:00:00",0,8621,"TUT-01785","BVA",1,0,1,2.5,NA,440004,"AGEM","Branching",12,0,0,"","",0,"","","","",0,"NDZ","","",NA,NA,NA,NA,NA,NA,"ACSP","Scleractinia","Acropora gemmifera",-14.27784,-170.545,"TUT_AUNUU_B","2015","BEN_SEC2015",16.4584,17.37275,"ACSP",10
"17","HA1501","SAMOA","American Samoa","Tutuila","TUT","Forereef","Mid","2015","2015-03-29 00:00:00",0,8621,"TUT-01785","BVA",1,0,1,2.5,NA,440011,"AHUM","Branching",12,0,0,"","",0,"","","","",0,"NDZ","","",NA,NA,NA,NA,NA,NA,"ACSP","Scleractinia","Acropora humilis",-14.27784,-170.545,"TUT_AUNUU_B","2015","BEN_SEC2015",16.4584,17.37275,"AHUM",10
"18","HA1501","SAMOA","American Samoa","Tutuila","TUT","Forereef","Mid","2015","2015-03-29 00:00:00",0,8621,"TUT-01785","BVA",1,0,1,2.5,NA,440023,"AGEM","Branching",8,0,0,"","",0,"","","","",0,"NDZ","","",NA,NA,NA,NA,NA,NA,"ACSP","Scleractinia","Acropora gemmifera",-14.27784,-170.545,"TUT_AUNUU_B","2015","BEN_SEC2015",16.4584,17.37275,"ACSP",10
"19","HA1501","SAMOA","American Samoa","Tutuila","TUT","Forereef","Mid","2015","2015-03-29 00:00:00",0,8621,"TUT-01785","BVA",1,10,1,2.5,NA,440093,"AGEM","Branching",9,0,0,"","",0,"","","","",0,"NDZ","","",NA,NA,NA,NA,NA,NA,"ACSP","Scleractinia","Acropora gemmifera",-14.27784,-170.545,"TUT_AUNUU_B","2015","BEN_SEC2015",16.4584,17.37275,"ACSP",10
"20","HA1501","SAMOA","American Samoa","Tutuila","TUT","Forereef","Mid","2015","2015-03-29 00:00:00",0,8621,"TUT-01785","BVA",1,10,1,2.5,NA,440094,"AGEM","Branching",29,0,0,"","",0,"","","","",0,"NDZ","","",NA,NA,NA,NA,NA,NA,"ACSP","Scleractinia","Acropora gemmifera",-14.27784,-170.545,"TUT_AUNUU_B","2015","BEN_SEC2015",16.4584,17.37275,"ACSP",10
"21","HA1501","SAMOA","American Samoa","Tutuila","TUT","Forereef","Mid","2015","2015-03-29 00:00:00",0,8621,"TUT-01785","BVA",1,10,1,2.5,NA,440157,"AGEM","Branching",5,20,0,"","",0,"","","","",0,"NDZ","","",NA,NA,NA,NA,NA,NA,"ACSP","Scleractinia","Acropora gemmifera",-14.27784,-170.545,"TUT_AUNUU_B","2015","BEN_SEC2015",16.4584,17.37275,"ACSP",10
"22","HA1501","SAMOA","American Samoa","Tutuila","TUT","Forereef","Mid","2015","2015-03-28 00:00:00",0,8599,"TUT-01795","BVA",1,5,1,2.5,NA,438497,"AGEM","Branching",22,0,0,"","",0,"","","","",0,"NDZ","","",NA,NA,NA,NA,NA,NA,"ACSP","Scleractinia","Acropora gemmifera",-14.27577,-170.5465,"TUT_AUNUU_B","2015","BEN_SEC2015",16.15361,17.67754,"ACSP",10
"23","HA1501","SAMOA","American Samoa","Tutuila","TUT","Forereef","Mid","2015","2015-03-28 00:00:00",0,8599,"TUT-01795","BVA",1,5,1,2.5,NA,438498,"AGEM","Knobby",12,10,0,"","",0,"","","","",0,"NDZ","","",NA,NA,NA,NA,NA,NA,"ACSP","Scleractinia","Acropora gemmifera",-14.27577,-170.5465,"TUT_AUNUU_B","2015","BEN_SEC2015",16.15361,17.67754,"ACSP",10
"24","HA1501","SAMOA","American Samoa","Tutuila","TUT","Forereef","Mid","2015","2015-03-28 00:00:00",0,8599,"TUT-01795","BVA",1,5,1,2.5,NA,438499,"AGEM","Branching",18,0,0,"","",0,"","","","",0,"NDZ","","",NA,NA,NA,NA,NA,NA,"ACSP","Scleractinia","Acropora gemmifera",-14.27577,-170.5465,"TUT_AUNUU_B","2015","BEN_SEC2015",16.15361,17.67754,"ACSP",10
"25","HA1501","SAMOA","American Samoa","Tutuila","TUT","Forereef","Mid","2015","2015-03-28 00:00:00",0,8599,"TUT-01795","BVA",1,5,1,2.5,NA,438517,"AGEM","Knobby",3,0,0,"","",0,"","","","",0,"DAMD","","",100,NA,NA,NA,NA,NA,"ACSP","Scleractinia","Acropora gemmifera",-14.27577,-170.5465,"TUT_AUNUU_B","2015","BEN_SEC2015",16.15361,17.67754,"ACSP",10
"26","HA1501","SAMOA","American Samoa","Tutuila","TUT","Forereef","Deep","2015","2015-02-17 00:00:00",0,8077,"TUT-01985","DWS",1,5,1,2.5,NA,413380,"AGEM","Knobby",67,25,0,"","",0,"","","","",0,"NDZ","","",NA,NA,NA,NA,NA,NA,"ACSP","Scleractinia","Acropora gemmifera",-14.36681,-170.7633,"TUT_FAGATELE","2015","BEN_SEC2015",18.89668,20.4206,"ACSP",10
"27","HA1501","SAMOA","American Samoa","Tutuila","TUT","Forereef","Deep","2015","2015-02-17 00:00:00",0,8077,"TUT-01985","JDG",1,0,1,2.5,NA,409817,"AHUM","Branching",58,5,0,"","",0,"","","","",0,"NDZ","","",NA,NA,NA,NA,NA,NA,"ACSP","Scleractinia","Acropora humilis",-14.36681,-170.7633,"TUT_FAGATELE","2015","BEN_SEC2015",18.89668,20.4206,"AHUM",10
"28","HA1501","SAMOA","American Samoa","Tutuila","TUT","Forereef","Deep","2015","2015-02-17 00:00:00",0,8077,"TUT-01985","JDG",1,0,1,2.5,NA,409828,"AGEM","Branching",28,0,0,"","",0,"","","","",0,"NDZ","","",NA,NA,NA,NA,NA,NA,"ACSP","Scleractinia","Acropora gemmifera",-14.36681,-170.7633,"TUT_FAGATELE","2015","BEN_SEC2015",18.89668,20.4206,"ACSP",10
"29","HA1501","SAMOA","American Samoa","Tutuila","TUT","Forereef","Mid","2015","2015-02-17 00:00:00",0,8078,"TUT-02006","JDG",2,10,1,2.5,NA,409874,"AGEM","Branching",12,0,0,"","",0,"","","","",0,"NDZ","","",NA,NA,NA,NA,NA,NA,"ACSP","Scleractinia","Acropora gemmifera",-14.3694,-170.7621,"TUT_FAGATELE","2015","BEN_SEC2015",9.753124,14.02012,"ACSP",7
"30","HA1501","SAMOA","American Samoa","Tutuila","TUT","Forereef","Mid","2015","2015-02-17 00:00:00",0,8079,"TUT-02016","AS",1,10,1,2.5,NA,409568,"AHUM","Branching",31,0,0,"","",0,"","","","",0,"NDZ","","",NA,NA,NA,NA,NA,NA,"ACSP","Scleractinia","Acropora humilis",-14.36541,-170.763,"TUT_FAGATELE","2015","BEN_SEC2015",9.143554,14.93447,"AHUM",10
"31","HA1501","SAMOA","American Samoa","Tutuila","TUT","Forereef","Mid","2015","2015-02-17 00:00:00",0,8079,"TUT-02016","JDG",2,15,1,1.25,NA,409946,"AGEM","Branching",50,0,0,"","",0,"","","","",0,"NDZ","","",NA,NA,NA,NA,NA,NA,"ACSP","Scleractinia","Acropora gemmifera",-14.36541,-170.763,"TUT_FAGATELE","2015","BEN_SEC2015",9.143554,14.93447,"ACSP",7.05
"32","HA1501","SAMOA","American Samoa","Tutuila","TUT","Forereef","Shallow","2015","2015-02-17 00:00:00",0,8080,"TUT-02027","AS",1,10,1,2.5,NA,409721,"AHUM","Branching",38,0,0,"","",0,"","","","",0,"NDZ","","",NA,NA,NA,NA,NA,NA,"ACSP","Scleractinia","Acropora humilis",-14.36578,-170.7616,"TUT_FAGATELE","2015","BEN_SEC2015",2.743066,3.657422,"AHUM",8.5
"33","HA1501","SAMOA","American Samoa","Tutuila","TUT","Forereef","Shallow","2015","2015-02-17 00:00:00",0,8080,"TUT-02027","AS",1,10,1,2.5,NA,409722,"AHUM","Branching",21,0,0,"","",0,"","","","",0,"NDZ","","",NA,NA,NA,NA,NA,NA,"ACSP","Scleractinia","Acropora humilis",-14.36578,-170.7616,"TUT_FAGATELE","2015","BEN_SEC2015",2.743066,3.657422,"AHUM",8.5
"34","HA1501","SAMOA","American Samoa","Tutuila","TUT","Forereef","Shallow","2015","2015-02-17 00:00:00",0,8080,"TUT-02027","AS",1,10,1,2.5,NA,409723,"AHUM","Branching",10,0,0,"","",0,"","","","",0,"NDZ","","",NA,NA,NA,NA,NA,NA,"ACSP","Scleractinia","Acropora humilis",-14.36578,-170.7616,"TUT_FAGATELE","2015","BEN_SEC2015",2.743066,3.657422,"AHUM",8.5
"35","HA1501","SAMOA","American Samoa","Tutuila","TUT","Forereef","Mid","2015","2015-02-26 00:00:00",0,8126,"TUT-02070","MAR",1,0,1,2.5,NA,413608,"AHUM","Branching",39,0,0,"","",0,"","","","",0,"NDZ","","",NA,NA,NA,NA,NA,NA,"ACSP","Scleractinia","Acropora humilis",-14.34219,-170.7195,"TUT_SE_OPEN","2015","BEN_SEC2015",12.80098,14.93447,"AHUM",10
"36","HA1501","SAMOA","American Samoa","Tutuila","TUT","Forereef","Mid","2015","2015-03-06 00:00:00",0,8287,"TUT-02086","BVA",1,10,1,2.5,NA,419261,"AGEM","Branching",52,0,0,"","",0,"","","","",0,"NDZ","","",NA,NA,NA,NA,NA,NA,"ACSP","Scleractinia","Acropora gemmifera",-14.3546,-170.7873,"TUT_SW_OPEN","2015","BEN_SEC2015",12.19141,14.62969,"ACSP",10
"37","HA1501","SAMOA","American Samoa","Tutuila","TUT","Forereef","Mid","2015","2015-03-06 00:00:00",0,8287,"TUT-02086","BVA",1,10,1,2.5,NA,419271,"AGEM","Branching",40,0,0,"","",0,"","","","",0,"NDZ","","",NA,NA,NA,NA,NA,NA,"ACSP","Scleractinia","Acropora gemmifera",-14.3546,-170.7873,"TUT_SW_OPEN","2015","BEN_SEC2015",12.19141,14.62969,"ACSP",10
"38","HA1501","SAMOA","American Samoa","Tutuila","TUT","Forereef","Shallow","2015","2015-03-06 00:00:00",0,8289,"TUT-02116","BVA",1,5,1,2.5,NA,419399,"AGEM","Branching",50,40,0,"","",0,"","","","",0,"NDZ","","",NA,NA,NA,NA,NA,NA,"ACSP","Scleractinia","Acropora gemmifera",-14.33432,-170.8163,"TUT_SW_OPEN","2015","BEN_SEC2015",4.571777,5.790917,"ACSP",10
"39","MP1602","SAMOA","American Samoa","Tutuila","TUT","Forereef","Shallow","2015","2015-11-12 00:00:00",0,9278,"TUT-02167","JST",2,0,1,2.5,NA,466642,"AGEM","Branching",19,0,0,"","",0,"","","","",0,"NDZ","","",NA,NA,NA,NA,NA,NA,"ACSP","Scleractinia","Acropora gemmifera",-14.24381,-170.6701,"VATIA_NO","2015","NO SCHEME",4.571777,6.095703,"ACSP",7.5
"40","MP1602","SAMOA","American Samoa","Tutuila","TUT","Forereef","Shallow","2015","2015-11-12 00:00:00",0,9278,"TUT-02167","JST",2,0,1,2.5,NA,466643,"AGEM","Branching",23,0,0,"","",0,"","","","",0,"NDZ","","",NA,NA,NA,NA,NA,NA,"ACSP","Scleractinia","Acropora gemmifera",-14.24381,-170.6701,"VATIA_NO","2015","NO SCHEME",4.571777,6.095703,"ACSP",7.5
"41","MP1602","SAMOA","American Samoa","Tutuila","TUT","Forereef","Deep","2015","2015-11-13 00:00:00",0,9281,"TUT-02205","BVA",1,5,1,2.5,NA,471528,"AHUM","Bifacial Plates",40,0,0,"","",0,"","","","",0,"NDZ","","",NA,NA,NA,NA,NA,NA,"ACSP","Scleractinia","Acropora humilis",-14.2806,-170.8098,"FAGAM","2015","NO SCHEME",20.72539,21.94453,"AHUM",10
"42","HA1801","SAMOA","American Samoa","Tutuila","TUT","Forereef","Mid","2018","2018-07-04 00:00:00",0,11912,"TUT-02871","MAR",1,0,1,2.5,0,580481,"AGLO","Branching",73,3,0,"","",0,"","","","",0,"","","",NA,NA,NA,NA,NA,NA,"ACSP","Scleractinia","Acropora globiceps",-14.36512,-170.7635,"TUT_FAGATELE","2018","BEN_SEC2018",15.23926,15.54404,"ACSP",10
"43","HA1801","SAMOA","American Samoa","Tutuila","TUT","Forereef","Shallow","2018","2018-07-04 00:00:00",0,11914,"TUT-02883","MAR",1,15,1,2.5,0,582166,"AGEM","Branching",130,3,1,"OVRG","ENCA",0,"","","","",0,"DIS","","",10,NA,NA,NA,NA,NA,"ACSP","Scleractinia","Acropora gemmifera",-14.36313,-170.7622,"TUT_FAGATELE","2018","BEN_SEC2018",2.438281,3.657422,"ACSP",10
"44","HA1801","SAMOA","American Samoa","Tutuila","TUT","Forereef","Mid","2018","2018-07-03 00:00:00",0,11893,"TUT-02905","BH",1,10,1,2.5,0,584678,"AGLO","Branching",18,0,0,"","",0,"","","","",0,"","","",NA,NA,NA,NA,NA,NA,"ACSP","Scleractinia","Acropora globiceps",-14.24569,-170.6835,"TUT_NE_OPEN","2018","BEN_SEC2018",9.753124,10.36269,"ACSP",10
"45","HA1801","SAMOA","American Samoa","Tutuila","TUT","Forereef","Mid","2018","2018-07-03 00:00:00",0,11893,"TUT-02905","MAR",1,15,1,2.5,0,578771,"AGLO","Branching",32,10,0,"","",0,"","","","",0,"","","",NA,NA,NA,NA,NA,NA,"ACSP","Scleractinia","Acropora globiceps",-14.24569,-170.6835,"TUT_NE_OPEN","2018","BEN_SEC2018",9.753124,10.36269,"ACSP",10
"46","HA1801","SAMOA","American Samoa","Tutuila","TUT","Forereef","Mid","2018","2018-06-29 00:00:00",0,11813,"TUT-02927","MAR",1,10,1,2.5,0,580363,"AGLO","Branching",15,0,0,"","",0,"","","","",0,"","","",NA,NA,NA,NA,NA,NA,"ACSP","Scleractinia","Acropora globiceps",-14.24689,-170.6643,"TUT_NE_OPEN","2018","BEN_SEC2018",10.97226,13.41055,"ACSP",10
"47","HA1801","SAMOA","American Samoa","Tutuila","TUT","Forereef","Mid","2018","2018-06-29 00:00:00",0,11814,"TUT-02929","BH",1,5,1,2.5,0,580372,"AGLO","Branching",23,0,3,"DZGN","WSY",0,"","","","",0,"","","",NA,NA,NA,NA,NA,NA,"ACSP","Scleractinia","Acropora globiceps",-14.23855,-170.6694,"TUT_NE_OPEN","2018","BEN_SEC2018",13.41055,14.02012,"ACSP",10
"48","MP2006","SAMOA","American Samoa","Tutuila","TUT","Forereef","Mid","2020","2020-01-27 00:00:00",0,13749,"TUT-04014","MSW",1,0,1,2.5,0,629365,"AGLO","Branching",34,0,0,"","",0,"","","","",0,"","","",NA,NA,NA,NA,NA,NA,"ACSP","Scleractinia","Acropora globiceps",-14.24396,-170.6693,"NORTH_VATIA","2020","NO SCHEME",9.144,12.192,"ACSP",7.5
"49","MP2006","SAMOA","American Samoa","Tutuila","TUT","Forereef","Shallow","2020","2020-01-28 00:00:00",0,13756,"TUT-04043","MSW",1,10,1,2.5,0,630930,"AGLO","Knobby",27,0,0,"","",0,"","","","",0,"","","",NA,NA,NA,NA,NA,NA,"ACSP","Scleractinia","Acropora globiceps",-14.24653,-170.6682,"SOUTH_VATIA","2020","NO SCHEME",3.6576,4.8768,"ACSP",7.5
"50","MP2006","SAMOA","American Samoa","Tutuila","TUT","Forereef","Shallow","2020","2020-01-28 00:00:00",0,13756,"TUT-04043","MSW",1,10,1,2.5,0,630931,"AGLO","Knobby",23,0,0,"","",0,"","","","",0,"","","",NA,NA,NA,NA,NA,NA,"ACSP","Scleractinia","Acropora globiceps",-14.24653,-170.6682,"SOUTH_VATIA","2020","NO SCHEME",3.6576,4.8768,"ACSP",7.5
"51","RA2301_LEG3","SAMOA","American Samoa","Tutuila","TUT","Forereef","Shallow","2023","2023-04-10 14:03:10",0,51303,"TUT-05687","IGB",1,5,1,2.5,0,1010224,"ACSP","Digitate",7,0,0,"","",0,"","","","",0,"","","",NA,NA,NA,NA,NA,NA,"ACSP","Scleractinia","Acropora sp",-14.28992,-170.7418,"TUT_NW_OPEN","2023","RAMP_BASIC",3.047851,3.962207,"ACSP",10
"52","RA2301_LEG3","SAMOA","American Samoa","Tutuila","TUT","Forereef","Shallow","2023","2023-04-10 14:35:40",0,51307,"TUT-05690","DTP",1,15,1,2.5,0,1015226,"ACSP","Digitate",41,2,0,"","",0,"","","","",0,"","","",NA,NA,NA,NA,NA,NA,"ACSP","Scleractinia","Acropora sp",-14.29177,-170.7807,"TUT_NW_OPEN","2023","RAMP_BASIC",3.962207,5.790917,"ACSP",10
"53","RA2301_LEG3","SAMOA","American Samoa","Tutuila","TUT","Forereef","Shallow","2023","2023-04-11 14:09:24",0,51327,"TUT-05719","IGB",1,5,1,2.5,0,1012726,"AGLO","Digitate",38,5,0,"","",0,"","","","",0,"","","",NA,NA,NA,NA,NA,NA,"ACSP","Scleractinia","Acropora globiceps",-14.24669,-170.6685,"TUT_NE_OPEN","2023","RAMP_BASIC",5.181347,5.790917,"AGLO",10
"54","RA2301_LEG3","SAMOA","American Samoa","Tutuila","TUT","Forereef","Shallow","2023","2023-04-11 14:09:24",0,51327,"TUT-05719","IGB",1,5,1,2.5,0,1012731,"ACSP","Digitate",35,0,0,"","",0,"","","","",0,"","","",NA,NA,NA,NA,NA,NA,"ACSP","Scleractinia","Acropora sp",-14.24669,-170.6685,"TUT_NE_OPEN","2023","RAMP_BASIC",5.181347,5.790917,"ACSP",10
"55","RA2301_LEG3","SAMOA","American Samoa","Tutuila","TUT","Forereef","Shallow","2023","2023-04-11 14:09:24",0,51327,"TUT-05719","IGB",1,5,1,2.5,0,1012753,"ACSP","Digitate",27,5,0,"","",0,"","","","",0,"","","",NA,NA,NA,NA,NA,NA,"ACSP","Scleractinia","Acropora sp",-14.24669,-170.6685,"TUT_NE_OPEN","2023","RAMP_BASIC",5.181347,5.790917,"ACSP",10
"56","RA2301_LEG3","SAMOA","American Samoa","Tutuila","TUT","Forereef","Shallow","2023","2023-04-16 13:41:42",0,51403,"TUT-05728","MSL",1,15,1,2.5,0,1007165,"ACSP","Digitate",12,5,0,"","",0,"","","","",0,"SGA","","",10,NA,NA,NA,NA,NA,"ACSP","Scleractinia","Acropora sp",-14.24002,-170.675,"TUT_NE_OPEN","2023","RAMP_BASIC",5.181347,5.790917,"ACSP",10
"57","RA2301_LEG3","SAMOA","American Samoa","Tutuila","TUT","Forereef","Shallow","2023","2023-04-17 14:49:33",0,51426,"TUT-05738","CA",1,10,1,2.5,0,1002324,"ACSP","Digitate",28,20,0,"","",0,"","","","",0,"","","",NA,NA,NA,NA,NA,NA,"ACSP","Scleractinia","Acropora sp",-14.27746,-170.6073,"TUT_SE_OPEN","2023","RAMP_BASIC",2.133496,3.352636,"ACSP",10
"58","RA2301_LEG3","SAMOA","American Samoa","Tutuila","TUT","Forereef","Shallow","2023","2023-04-08 14:43:31",0,51283,"TUT-05765","BH",1,5,1,2.5,0,1015406,"ACSP","Digitate",27,0,0,"","",0,"","","","",0,"","","",NA,NA,NA,NA,NA,NA,"ACSP","Scleractinia","Acropora sp",-14.32624,-170.8375,"TUT_SW_OPEN","2023","RAMP_BASIC",3.962207,5.486132,"ACSP",10
"59","RA2301_LEG3","SAMOA","American Samoa","Tutuila","TUT","Forereef","Shallow","2023","2023-04-08 14:43:31",0,51283,"TUT-05765","BH",1,15,1,2.5,0,1015044,"ACSP","Digitate",17,0,0,"","",0,"","","","",0,"","","",NA,NA,NA,NA,NA,NA,"ACSP","Scleractinia","Acropora sp",-14.32624,-170.8375,"TUT_SW_OPEN","2023","RAMP_BASIC",3.962207,5.486132,"ACSP",10
"60","RA2301_LEG3","SAMOA","American Samoa","Tutuila","TUT","Forereef","Mid","2023","2023-04-10 11:27:12",0,51305,"TUT-05767","DTP",1,0,1,2.5,0,1015548,"ACSP","Digitate",92,35,0,"","",0,"","","","",0,"","","",NA,NA,NA,NA,NA,NA,"ACSP","Scleractinia","Acropora sp",-14.29942,-170.8143,"TUT_NE_OPEN","2023","RAMP_BASIC",7.619628,8.838769,"ACSP",9
"61","RA2301_LEG3","SAMOA","American Samoa","Tutuila","TUT","Forereef","Mid","2023","2023-04-10 12:41:21",0,51306,"TUT-05770","CA",1,5,1,2.5,0,1011349,"ACSP","Digitate",5,4,0,"","",0,"","","","",0,"","","",NA,NA,NA,NA,NA,NA,"ACSP","Scleractinia","Acropora sp",-14.29198,-170.8026,"TUT_NE_OPEN","2023","RAMP_BASIC",9.448339,10.66748,"ACSP",10
"62","RA2301_LEG3","SAMOA","American Samoa","Tutuila","TUT","Forereef","Mid","2023","2023-04-10 12:41:21",0,51306,"TUT-05770","CA",1,5,1,2.5,0,1011364,"ACSP","Digitate",14,3,1,"PRED","FISH",0,"","","","",0,"","","",NA,NA,NA,NA,NA,NA,"ACSP","Scleractinia","Acropora sp",-14.29198,-170.8026,"TUT_NE_OPEN","2023","RAMP_BASIC",9.448339,10.66748,"ACSP",10
"63","RA2301_LEG3","SAMOA","American Samoa","Tutuila","TUT","Forereef","Mid","2023","2023-04-10 12:41:07",0,51302,"TUT-05771","NO",1,15,1,2.5,0,1011415,"ACSP","Digitate",7,0,0,"","",0,"","","","",0,"","","",NA,NA,NA,NA,NA,NA,"ACSP","Scleractinia","Acropora sp",-14.28797,-170.7529,"TUT_NE_OPEN","2023","RAMP_BASIC",13.10576,14.3249,"ACSP",10
"64","RA2301_LEG3","SAMOA","American Samoa","Tutuila","TUT","Forereef","Mid","2023","2023-04-10 10:59:41",0,51301,"TUT-05775","NO",1,0,1,2.5,0,1016273,"ACSP","Digitate",37,5,0,"","",0,"","","","",0,"","","",NA,NA,NA,NA,NA,NA,"ACSP","Scleractinia","Acropora sp",-14.28816,-170.7594,"TUT_NE_OPEN","2023","RAMP_BASIC",12.49619,13.71533,"ACSP",10
"65","RA2301_LEG3","SAMOA","American Samoa","Tutuila","TUT","Forereef","Mid","2023","2023-04-18 10:40:38",0,51445,"TUT-05788","NO",1,5,1,2.5,0,1008161,"ACSP","Digitate",6,30,0,"","",0,"","","","",0,"","","",NA,NA,NA,NA,NA,NA,"ACSP","Scleractinia","Acropora sp",-14.36115,-170.7483,"TUT_FAGALUA","2023","RAMP_BASIC",11.58183,13.10576,"ACSP",10
"66","RA2301_LEG3","SAMOA","American Samoa","Tutuila","TUT","Forereef","Mid","2023","2023-04-18 10:40:38",0,51445,"TUT-05788","NO",1,5,1,2.5,0,1008162,"ACSP","Digitate",6,0,0,"","",0,"","","","",0,"","","",NA,NA,NA,NA,NA,NA,"ACSP","Scleractinia","Acropora sp",-14.36115,-170.7483,"TUT_FAGALUA","2023","RAMP_BASIC",11.58183,13.10576,"ACSP",10
"67","RA2301_LEG3","SAMOA","American Samoa","Tutuila","TUT","Forereef","Mid","2023","2023-04-18 10:40:38",0,51445,"TUT-05788","NO",1,15,1,2.5,0,1007813,"ACSP","Digitate",9,0,25,"DAMG","DAMG",0,"","","","",0,"","","",NA,NA,NA,NA,NA,NA,"ACSP","Scleractinia","Acropora sp",-14.36115,-170.7483,"TUT_FAGALUA","2023","RAMP_BASIC",11.58183,13.10576,"ACSP",10
"68","RA2301_LEG3","SAMOA","American Samoa","Tutuila","TUT","Forereef","Shallow","2023","2023-04-18 12:38:50",0,51446,"TUT-05789","CA",1,5,1,2.5,0,1001686,"ACSP","Digitate",17,9,2,"PRED","GAST",0,"","","","",0,"","","",NA,NA,NA,NA,NA,NA,"ACSP","Scleractinia","Acropora sp",-14.35978,-170.7494,"TUT_FAGALUA","2023","RAMP_BASIC",4.266992,5.790917,"ACSP",10
"69","RA2301_LEG3","SAMOA","American Samoa","Tutuila","TUT","Forereef","Shallow","2023","2023-04-18 12:38:50",0,51446,"TUT-05789","CA",1,5,1,2.5,0,1001688,"ACSP","Digitate",6,1,0,"","",0,"","","","",0,"","","",NA,NA,NA,NA,NA,NA,"ACSP","Scleractinia","Acropora sp",-14.35978,-170.7494,"TUT_FAGALUA","2023","RAMP_BASIC",4.266992,5.790917,"ACSP",10
"70","RA2301_LEG3","SAMOA","American Samoa","Tutuila","TUT","Forereef","Shallow","2023","2023-04-18 12:38:50",0,51446,"TUT-05789","CA",1,5,1,2.5,0,1001690,"ACSP","Digitate",17,1,0,"","",0,"","","","",0,"","","",NA,NA,NA,NA,NA,NA,"ACSP","Scleractinia","Acropora sp",-14.35978,-170.7494,"TUT_FAGALUA","2023","RAMP_BASIC",4.266992,5.790917,"ACSP",10
"71","RA2301_LEG3","SAMOA","American Samoa","Tutuila","TUT","Forereef","Mid","2023","2023-04-18 11:22:17",0,51441,"TUT-05797","J_C",1,5,1,2.5,0,1010277,"ACSP","Digitate",41,2,0,"","",0,"","","","",0,"","","",NA,NA,NA,NA,NA,NA,"ACSP","Scleractinia","Acropora sp",-14.36562,-170.7629,"TUT_FAGATELE","2023","RAMP_BASIC",10.97226,11.88662,"ACSP",10
"72","RA2301_LEG3","SAMOA","American Samoa","Tutuila","TUT","Forereef","Mid","2023","2023-04-11 11:08:36",0,51325,"TUT-05820","BH",1,10,1,2.5,0,1013437,"AGLO","Digitate",62,0,0,"","",0,"","","","",0,"","","",NA,NA,NA,NA,NA,NA,"ACSP","Scleractinia","Acropora globiceps",-14.25195,-170.6147,"TUT_NE_OPEN","2023","RAMP_BASIC",11.27705,12.80098,"AGLO",10
"73","RA2301_LEG3","SAMOA","American Samoa","Tutuila","TUT","Forereef","Mid","2023","2023-04-11 11:08:36",0,51325,"TUT-05820","DTP",1,5,1,2.5,0,1012065,"ACSP","Digitate",19,0,0,"","",0,"","","","",0,"","","",NA,NA,NA,NA,NA,NA,"ACSP","Scleractinia","Acropora sp",-14.25195,-170.6147,"TUT_NE_OPEN","2023","RAMP_BASIC",11.27705,12.80098,"ACSP",10
"74","RA2301_LEG3","SAMOA","American Samoa","Tutuila","TUT","Forereef","Mid","2023","2023-04-11 11:08:36",0,51325,"TUT-05820","DTP",1,5,1,2.5,0,1012074,"ACSP","Digitate",86,35,0,"","",0,"","","","",0,"","","",NA,NA,NA,NA,NA,NA,"ACSP","Scleractinia","Acropora sp",-14.25195,-170.6147,"TUT_NE_OPEN","2023","RAMP_BASIC",11.27705,12.80098,"ACSP",10
"75","RA2301_LEG3","SAMOA","American Samoa","Tutuila","TUT","Forereef","Mid","2023","2023-04-16 12:43:01",0,51406,"TUT-05831","BH",1,0,1,2.5,0,1009683,"AGLO","Digitate",31,0,0,"","",0,"","","","",0,"","","",NA,NA,NA,NA,NA,NA,"ACSP","Scleractinia","Acropora globiceps",-14.24389,-170.6814,"TUT_NE_OPEN","2023","RAMP_BASIC",13.41055,13.71533,"AGLO",10
"76","RA2301_LEG3","SAMOA","American Samoa","Tutuila","TUT","Forereef","Mid","2023","2023-04-16 12:43:01",0,51406,"TUT-05831","CA",2,0,1,2.5,0,1001209,"ACSP","Digitate",30,0,0,"","",0,"","","","",0,"","","",NA,NA,NA,NA,NA,NA,"ACSP","Scleractinia","Acropora sp",-14.24389,-170.6814,"TUT_NE_OPEN","2023","RAMP_BASIC",13.41055,13.71533,"ACSP",5
"77","RA2301_LEG3","SAMOA","American Samoa","Tutuila","TUT","Forereef","Mid","2023","2023-04-16 12:43:01",0,51406,"TUT-05831","CSC",2,0,1,2.5,0,1010382,"ACSP","Digitate",30,0,0,"","",0,"","","","",0,"","","",NA,NA,NA,NA,NA,NA,"ACSP","Scleractinia","Acropora sp",-14.24389,-170.6814,"TUT_NE_OPEN","2023","RAMP_BASIC",13.41055,13.71533,"ACSP",5
"78","RA2301_LEG3","SAMOA","American Samoa","Tutuila","TUT","Forereef","Mid","2023","2023-04-19 12:36:15",0,51466,"TUT-05840","CA",1,5,1,2.5,0,1003168,"ACSP","Digitate",23,3,1,"PRED","FISH",0,"","","","",0,"","","",NA,NA,NA,NA,NA,NA,"ACSP","Scleractinia","Acropora sp",-14.35379,-170.7301,"TUT_SE_OPEN","2023","RAMP_BASIC",13.41055,15.23926,"ACSP",10
"79","RA2301_LEG3","SAMOA","American Samoa","Tutuila","TUT","Forereef","Mid","2023","2023-04-19 12:36:15",0,51466,"TUT-05840","IGB",1,0,1,2.5,0,1003353,"ACSP","Digitate",9,0,0,"","",0,"","","","",0,"","","",NA,NA,NA,NA,NA,NA,"ACSP","Scleractinia","Acropora sp",-14.35379,-170.7301,"TUT_SE_OPEN","2023","RAMP_BASIC",13.41055,15.23926,"ACSP",10
"80","RA2301_LEG3","SAMOA","American Samoa","Tutuila","TUT","Forereef","Mid","2023","2023-04-19 12:36:15",0,51466,"TUT-05840","IGB",1,0,1,2.5,0,1003355,"ACSP","Digitate",7,0,0,"","",0,"","","","",0,"","","",NA,NA,NA,NA,NA,NA,"ACSP","Scleractinia","Acropora sp",-14.35379,-170.7301,"TUT_SE_OPEN","2023","RAMP_BASIC",13.41055,15.23926,"ACSP",10
"81","RA2301_LEG3","SAMOA","American Samoa","Tutuila","TUT","Forereef","Mid","2023","2023-04-19 13:49:37",0,51467,"TUT-05842","CSC",1,5,1,2.5,0,1002699,"ACSP","Digitate",7,0,0,"","",0,"","","","",0,"","","",NA,NA,NA,NA,NA,NA,"ACSP","Scleractinia","Acropora sp",-14.34839,-170.7258,"TUT_SE_OPEN","2023","RAMP_BASIC",9.753124,11.27705,"ACSP",10
"82","RA2301_LEG3","SAMOA","American Samoa","Tutuila","TUT","Forereef","Mid","2023","2023-04-19 13:49:37",0,51467,"TUT-05842","CSC",1,5,1,2.5,0,1002700,"ACSP","Digitate",5,0,0,"","",0,"","","","",0,"","","",NA,NA,NA,NA,NA,NA,"ACSP","Scleractinia","Acropora sp",-14.34839,-170.7258,"TUT_SE_OPEN","2023","RAMP_BASIC",9.753124,11.27705,"ACSP",10
"83","RA2301_LEG3","SAMOA","American Samoa","Tutuila","TUT","Forereef","Mid","2023","2023-04-19 13:49:37",0,51467,"TUT-05842","CSC",1,5,1,2.5,0,1002701,"ACSP","Digitate",6,0,0,"","",0,"","","","",0,"","","",NA,NA,NA,NA,NA,NA,"ACSP","Scleractinia","Acropora sp",-14.34839,-170.7258,"TUT_SE_OPEN","2023","RAMP_BASIC",9.753124,11.27705,"ACSP",10
"84","RA2301_LEG3","SAMOA","American Samoa","Tutuila","TUT","Forereef","Mid","2023","2023-04-19 10:59:13",0,51465,"TUT-05847","IGB",2,10,1,2.5,0,1002095,"ACSP","Digitate",10,0,0,"","",0,"","","","",0,"","","",NA,NA,NA,NA,NA,NA,"ACSP","Scleractinia","Acropora sp",-14.3589,-170.7342,"TUT_SE_OPEN","2023","RAMP_BASIC",13.10576,14.62969,"ACSP",5
"85","RA2301_LEG3","SAMOA","American Samoa","Tutuila","TUT","Forereef","Mid","2023","2023-04-19 10:59:13",0,51465,"TUT-05847","IGB",2,10,1,2.5,0,1003099,"ACSP","Digitate",45,0,3,"PRED","GAST",0,"","","","",0,"","","",NA,NA,NA,NA,NA,NA,"ACSP","Scleractinia","Acropora sp",-14.3589,-170.7342,"TUT_SE_OPEN","2023","RAMP_BASIC",13.10576,14.62969,"ACSP",5
"86","RA2301_LEG3","SAMOA","American Samoa","Tutuila","TUT","Forereef","Mid","2023","2023-04-19 10:59:13",0,51465,"TUT-05847","NO",1,5,1,2.5,0,1003933,"ACSP","Digitate",8,0,0,"","",0,"","","","",0,"","","",NA,NA,NA,NA,NA,NA,"ACSP","Scleractinia","Acropora sp",-14.3589,-170.7342,"TUT_SE_OPEN","2023","RAMP_BASIC",13.10576,14.62969,"ACSP",10
"87","RA2301_LEG3","SAMOA","American Samoa","Tutuila","TUT","Forereef","Mid","2023","2023-04-19 10:59:13",0,51465,"TUT-05847","NO",1,5,1,2.5,0,1004954,"ACSP","Digitate",32,20,0,"","",0,"","","","",0,"","","",NA,NA,NA,NA,NA,NA,"ACSP","Scleractinia","Acropora sp",-14.3589,-170.7342,"TUT_SE_OPEN","2023","RAMP_BASIC",13.10576,14.62969,"ACSP",10
"88","RA2301_LEG3","SAMOA","American Samoa","Tutuila","TUT","Forereef","Mid","2023","2023-04-17 13:48:23",0,51422,"TUT-05853","IGB",1,10,1,2.5,0,1010659,"ACSP","Digitate",36,0,0,"","",0,"","","","",0,"","","",NA,NA,NA,NA,NA,NA,"ACSP","Scleractinia","Acropora sp",-14.28321,-170.6246,"TUT_SE_OPEN","2023","RAMP_BASIC",11.27705,12.19141,"ACSP",10
"89","RA2301_LEG3","SAMOA","American Samoa","Tutuila","TUT","Forereef","Mid","2023","2023-04-17 13:48:23",0,51422,"TUT-05853","J_C",1,0,1,2.5,0,1005733,"ACSP","Digitate",32,3,0,"","",0,"","","","",0,"SGA","","",5,NA,NA,NA,NA,NA,"ACSP","Scleractinia","Acropora sp",-14.28321,-170.6246,"TUT_SE_OPEN","2023","RAMP_BASIC",11.27705,12.19141,"ACSP",10
"90","RA2301_LEG3","SAMOA","American Samoa","Tutuila","TUT","Forereef","Mid","2023","2023-04-12 14:03:10",0,51347,"TUT-05860","BH",1,0,1,2.5,0,1009873,"ACSP","Digitate",36,15,0,"","",0,"","","","",0,"","","",NA,NA,NA,NA,NA,NA,"ACSP","Scleractinia","Acropora sp",-14.32705,-170.6944,"TUT_SE_OPEN","2023","RAMP_BASIC",9.143554,10.36269,"ACSP",10
"91","RA2301_LEG3","SAMOA","American Samoa","Tutuila","TUT","Forereef","Mid","2023","2023-04-12 14:03:10",0,51347,"TUT-05860","BH",1,0,1,2.5,0,1010148,"ACSP","Digitate",35,0,5,"PRED","GAST",0,"","","","",0,"","","",NA,NA,NA,NA,NA,NA,"ACSP","Scleractinia","Acropora sp",-14.32705,-170.6944,"TUT_SE_OPEN","2023","RAMP_BASIC",9.143554,10.36269,"ACSP",10
"92","RA2301_LEG3","SAMOA","American Samoa","Tutuila","TUT","Forereef","Mid","2023","2023-04-12 14:03:10",0,51347,"TUT-05860","BH",1,0,1,2.5,0,1010153,"ACSP","Digitate",48,0,0,"","",0,"","","","",0,"","","",NA,NA,NA,NA,NA,NA,"ACSP","Scleractinia","Acropora sp",-14.32705,-170.6944,"TUT_SE_OPEN","2023","RAMP_BASIC",9.143554,10.36269,"ACSP",10
"93","RA2301_LEG3","SAMOA","American Samoa","Tutuila","TUT","Forereef","Mid","2023","2023-04-12 14:03:10",0,51347,"TUT-05860","BH",1,0,1,2.5,0,1010170,"ACSP","Digitate",23,15,0,"","",0,"","","","",0,"","","",NA,NA,NA,NA,NA,NA,"ACSP","Scleractinia","Acropora sp",-14.32705,-170.6944,"TUT_SE_OPEN","2023","RAMP_BASIC",9.143554,10.36269,"ACSP",10
"94","RA2301_LEG3","SAMOA","American Samoa","Tutuila","TUT","Forereef","Mid","2023","2023-04-12 14:03:10",0,51347,"TUT-05860","DTP",1,15,1,2.5,0,1012997,"ACSP","Digitate",14,15,0,"","",0,"","","","",0,"","","",NA,NA,NA,NA,NA,NA,"ACSP","Scleractinia","Acropora sp",-14.32705,-170.6944,"TUT_SE_OPEN","2023","RAMP_BASIC",9.143554,10.36269,"ACSP",10
"95","RA2301_LEG3","SAMOA","American Samoa","Tutuila","TUT","Forereef","Mid","2023","2023-04-12 14:03:10",0,51347,"TUT-05860","DTP",1,15,1,2.5,0,1013002,"ACSP","Digitate",17,0,0,"","",0,"","","","",0,"","","",NA,NA,NA,NA,NA,NA,"ACSP","Scleractinia","Acropora sp",-14.32705,-170.6944,"TUT_SE_OPEN","2023","RAMP_BASIC",9.143554,10.36269,"ACSP",10
"96","RA2301_LEG3","SAMOA","American Samoa","Tutuila","TUT","Forereef","Mid","2023","2023-04-12 14:03:10",0,51347,"TUT-05860","IGB",1,5,1,2.5,0,1010532,"ACSP","Digitate",14,0,0,"","",0,"","","","",0,"","","",NA,NA,NA,NA,NA,NA,"ACSP","Scleractinia","Acropora sp",-14.32705,-170.6944,"TUT_SE_OPEN","2023","RAMP_BASIC",9.143554,10.36269,"ACSP",10
"97","RA2301_LEG3","SAMOA","American Samoa","Tutuila","TUT","Forereef","Mid","2023","2023-04-12 14:03:10",0,51347,"TUT-05860","IGB",1,5,1,2.5,0,1010535,"ACSP","Digitate",27,0,0,"","",0,"","","","",0,"","","",NA,NA,NA,NA,NA,NA,"ACSP","Scleractinia","Acropora sp",-14.32705,-170.6944,"TUT_SE_OPEN","2023","RAMP_BASIC",9.143554,10.36269,"ACSP",10
"98","RA2301_LEG3","SAMOA","American Samoa","Tutuila","TUT","Forereef","Mid","2023","2023-04-12 14:03:10",0,51347,"TUT-05860","IGB",1,5,1,2.5,0,1010536,"ACSP","Digitate",11,0,0,"","",0,"","","","",0,"","","",NA,NA,NA,NA,NA,NA,"ACSP","Scleractinia","Acropora sp",-14.32705,-170.6944,"TUT_SE_OPEN","2023","RAMP_BASIC",9.143554,10.36269,"ACSP",10
"99","RA2301_LEG3","SAMOA","American Samoa","Tutuila","TUT","Forereef","Mid","2023","2023-04-12 14:03:10",0,51347,"TUT-05860","IGB",1,5,1,2.5,0,1010538,"ACSP","Digitate",36,0,0,"","",0,"","","","",0,"","","",NA,NA,NA,NA,NA,NA,"ACSP","Scleractinia","Acropora sp",-14.32705,-170.6944,"TUT_SE_OPEN","2023","RAMP_BASIC",9.143554,10.36269,"ACSP",10
"100","RA2301_LEG3","SAMOA","American Samoa","Tutuila","TUT","Forereef","Mid","2023","2023-04-12 14:03:10",0,51347,"TUT-05860","IGB",1,5,1,2.5,0,1010560,"ACSP","Digitate",19,25,0,"","",0,"","","","",0,"","","",NA,NA,NA,NA,NA,NA,"ACSP","Scleractinia","Acropora sp",-14.32705,-170.6944,"TUT_SE_OPEN","2023","RAMP_BASIC",9.143554,10.36269,"ACSP",10
"101","RA2301_LEG3","SAMOA","American Samoa","Tutuila","TUT","Forereef","Mid","2023","2023-04-12 14:03:10",0,51347,"TUT-05860","IGB",1,5,1,2.5,0,1010561,"ACSP","Digitate",16,7,3,"PRED","GAST",0,"","","","",0,"","","",NA,NA,NA,NA,NA,NA,"ACSP","Scleractinia","Acropora sp",-14.32705,-170.6944,"TUT_SE_OPEN","2023","RAMP_BASIC",9.143554,10.36269,"ACSP",10
"102","RA2301_LEG3","SAMOA","American Samoa","Tutuila","TUT","Forereef","Mid","2023","2023-04-12 11:14:16",0,51345,"TUT-05862","BH",1,0,1,2.5,0,1015145,"ACSP","Digitate",14,0,0,"","",0,"","","","",0,"","","",NA,NA,NA,NA,NA,NA,"ACSP","Scleractinia","Acropora sp",-14.34212,-170.7196,"TUT_SE_OPEN","2023","RAMP_BASIC",12.19141,12.80098,"ACSP",10
"103","RA2301_LEG3","SAMOA","American Samoa","Tutuila","TUT","Forereef","Mid","2023","2023-04-12 11:14:16",0,51345,"TUT-05862","BH",1,0,1,2.5,0,1015424,"ACSP","Digitate",6,0,0,"","",0,"","","","",0,"","","",NA,NA,NA,NA,NA,NA,"ACSP","Scleractinia","Acropora sp",-14.34212,-170.7196,"TUT_SE_OPEN","2023","RAMP_BASIC",12.19141,12.80098,"ACSP",10
"104","RA2301_LEG3","SAMOA","American Samoa","Tutuila","TUT","Forereef","Mid","2023","2023-04-12 11:14:16",0,51345,"TUT-05862","BH",1,0,1,2.5,0,1015426,"ACSP","Digitate",60,30,0,"","",0,"","","","",0,"","","",NA,NA,NA,NA,NA,NA,"ACSP","Scleractinia","Acropora sp",-14.34212,-170.7196,"TUT_SE_OPEN","2023","RAMP_BASIC",12.19141,12.80098,"ACSP",10
"105","RA2301_LEG3","SAMOA","American Samoa","Tutuila","TUT","Forereef","Mid","2023","2023-04-17 12:07:33",0,51421,"TUT-05863","DTP",1,15,1,2.5,0,1007152,"ACSP","Digitate",22,0,0,"","",0,"","","","",0,"","","",NA,NA,NA,NA,NA,NA,"ACSP","Scleractinia","Acropora sp",-14.28309,-170.607,"TUT_SE_OPEN","2023","RAMP_BASIC",11.88662,12.80098,"ACSP",10
"106","RA2301_LEG3","SAMOA","American Samoa","Tutuila","TUT","Forereef","Mid","2023","2023-04-12 13:03:58",0,51346,"TUT-05864","BH",1,5,1,2.5,0,1014023,"ACSP","Digitate",7,0,0,"","",0,"","","","",0,"","","",NA,NA,NA,NA,NA,NA,"ACSP","Scleractinia","Acropora sp",-14.33746,-170.7125,"TUT_SE_OPEN","2023","RAMP_BASIC",9.143554,9.448339,"ACSP",10
"107","RA2301_LEG3","SAMOA","American Samoa","Tutuila","TUT","Forereef","Mid","2023","2023-04-12 13:03:58",0,51346,"TUT-05864","DTP",1,10,1,2.5,0,1013682,"ACSP","Digitate",23,0,0,"","",0,"","","","",0,"","","",NA,NA,NA,NA,NA,NA,"ACSP","Scleractinia","Acropora sp",-14.33746,-170.7125,"TUT_SE_OPEN","2023","RAMP_BASIC",9.143554,9.448339,"ACSP",10
"108","RA2301_LEG3","SAMOA","American Samoa","Tutuila","TUT","Forereef","Mid","2023","2023-04-12 13:03:58",0,51346,"TUT-05864","DTP",1,10,1,2.5,0,1013686,"ACSP","Digitate",14,0,0,"","",0,"","","","",0,"","","",NA,NA,NA,NA,NA,NA,"ACSP","Scleractinia","Acropora sp",-14.33746,-170.7125,"TUT_SE_OPEN","2023","RAMP_BASIC",9.143554,9.448339,"ACSP",10
"109","RA2301_LEG3","SAMOA","American Samoa","Tutuila","TUT","Forereef","Mid","2023","2023-04-12 13:03:58",0,51346,"TUT-05864","IGB",1,0,1,2.5,0,1005362,"ACSP","Digitate",21,0,0,"","",0,"","","","",0,"","","",NA,NA,NA,NA,NA,NA,"ACSP","Scleractinia","Acropora sp",-14.33746,-170.7125,"TUT_SE_OPEN","2023","RAMP_BASIC",9.143554,9.448339,"ACSP",10
"110","RA2301_LEG3","SAMOA","American Samoa","Tutuila","TUT","Forereef","Mid","2023","2023-04-12 13:03:58",0,51346,"TUT-05864","IGB",1,0,1,2.5,0,1005364,"ACSP","Digitate",17,0,0,"","",0,"","","","",0,"","","",NA,NA,NA,NA,NA,NA,"ACSP","Scleractinia","Acropora sp",-14.33746,-170.7125,"TUT_SE_OPEN","2023","RAMP_BASIC",9.143554,9.448339,"ACSP",10
"111","RA2301_LEG3","SAMOA","American Samoa","Tutuila","TUT","Forereef","Mid","2023","2023-04-08 13:34:34",0,51286,"TUT-05878","CA",1,10,1,2.5,0,1016370,"ACSP","Digitate",20,7,0,"","",0,"","","","",0,"","","",NA,NA,NA,NA,NA,NA,"ACSP","Scleractinia","Acropora sp",-14.33439,-170.8186,"TUT_SW_OPEN","2023","RAMP_BASIC",12.49619,13.41055,"ACSP",10
"112","RA2301_LEG3","SAMOA","American Samoa","Tutuila","TUT","Forereef","Deep","2023","2023-04-18 09:32:57",0,51444,"TUT-05902","CA",1,10,1,2.5,0,1003643,"ACSP","Digitate",21,1,0,"","",0,"","","","",0,"","","",NA,NA,NA,NA,NA,NA,"ACSP","Scleractinia","Acropora sp",-14.36166,-170.7509,"TUT_FAGALUA","2023","RAMP_BASIC",20.11582,21.33496,"ACSP",7.5
"113","RA2301_LEG3","SAMOA","American Samoa","Tutuila","TUT","Forereef","Deep","2023","2023-04-18 09:32:57",0,51444,"TUT-05902","CA",1,10,1,2.5,0,1003694,"ACSP","Digitate",20,0,0,"","",0,"","","","",0,"","","",NA,NA,NA,NA,NA,NA,"ACSP","Scleractinia","Acropora sp",-14.36166,-170.7509,"TUT_FAGALUA","2023","RAMP_BASIC",20.11582,21.33496,"ACSP",7.5
"114","RA2301_LEG3","SAMOA","American Samoa","Tutuila","TUT","Forereef","Shallow","2023","2023-04-18 14:26:00",0,51447,"TUT-05903","NO",1,10,1,2.5,0,1008534,"ACSP","Digitate",30,10,0,"","",0,"","","","",0,"","","",NA,NA,NA,NA,NA,NA,"ACSP","Scleractinia","Acropora sp",-14.36177,-170.7526,"TUT_FAGALUA","2023","RAMP_BASIC",3.352636,5.486132,"ACSP",10
"115","RA2301_LEG3","SAMOA","American Samoa","Tutuila","TUT","Forereef","Shallow","2023","2023-04-18 14:26:00",0,51447,"TUT-05903","NO",1,10,1,2.5,0,1008835,"ACSP","Digitate",5,80,0,"","",0,"","","","",0,"","","",NA,NA,NA,NA,NA,NA,"ACSP","Scleractinia","Acropora sp",-14.36177,-170.7526,"TUT_FAGALUA","2023","RAMP_BASIC",3.352636,5.486132,"ACSP",10
"116","RA2301_LEG3","SAMOA","American Samoa","Tutuila","TUT","Forereef","Shallow","2023","2023-04-18 14:26:00",0,51447,"TUT-05903","NO",1,10,1,2.5,0,1008839,"ACSP","Digitate",12,10,0,"","",0,"","","","",0,"","","",NA,NA,NA,NA,NA,NA,"ACSP","Scleractinia","Acropora sp",-14.36177,-170.7526,"TUT_FAGALUA","2023","RAMP_BASIC",3.352636,5.486132,"ACSP",10
"117","RA2301_LEG3","SAMOA","American Samoa","Tutuila","TUT","Forereef","Shallow","2023","2023-04-18 14:26:00",0,51447,"TUT-05903","NO",1,10,1,2.5,0,1008857,"ACSP","Digitate",19,20,0,"","",0,"","","","",0,"","","",NA,NA,NA,NA,NA,NA,"ACSP","Scleractinia","Acropora sp",-14.36177,-170.7526,"TUT_FAGALUA","2023","RAMP_BASIC",3.352636,5.486132,"ACSP",10
"118","RA2301_LEG3","SAMOA","American Samoa","Tutuila","TUT","Forereef","Shallow","2023","2023-04-18 14:26:00",0,51447,"TUT-05903","NO",1,10,1,2.5,0,1008858,"ACSP","Digitate",9,0,0,"","",0,"","","","",0,"","","",NA,NA,NA,NA,NA,NA,"ACSP","Scleractinia","Acropora sp",-14.36177,-170.7526,"TUT_FAGALUA","2023","RAMP_BASIC",3.352636,5.486132,"ACSP",10
"119","RA2301_LEG3","SAMOA","American Samoa","Tutuila","TUT","Forereef","Shallow","2023","2023-04-18 14:26:00",0,51447,"TUT-05903","NO",1,10,1,2.5,0,1008860,"ACSP","Digitate",6,0,0,"","",0,"","","","",0,"","","",NA,NA,NA,NA,NA,NA,"ACSP","Scleractinia","Acropora sp",-14.36177,-170.7526,"TUT_FAGALUA","2023","RAMP_BASIC",3.352636,5.486132,"ACSP",10
"120","RA2301_LEG3","SAMOA","American Samoa","Tutuila","TUT","Forereef","Mid","2023","2023-04-20 13:59:30",0,51487,"TUT-05909","NO",1,10,1,2.5,0,1001970,"ACSP","Digitate",15,5,0,"","",0,"","","","",0,"","","",NA,NA,NA,NA,NA,NA,"ACSP","Scleractinia","Acropora sp",-14.28077,-170.545,"TUT_FAGATELE","2023","RAMP_BASIC",12.49619,14.02012,"ACSP",10
"121","RA2301_LEG3","SAMOA","American Samoa","Tutuila","TUT","Forereef","Mid","2023","2023-04-19 09:34:39",0,51464,"TUT-05935","CA",1,10,1,2.5,0,1004462,"ACSP","Digitate",33,35,1,"PRED","GAST",0,"","","","",0,"","","",NA,NA,NA,NA,NA,NA,"ACSP","Scleractinia","Acropora sp",-14.36427,-170.7383,"TUT_SE_OPEN","2023","RAMP_BASIC",14.02012,15.23926,"ACSP",10
"122","RA2301_LEG3","SAMOA","American Samoa","Tutuila","TUT","Forereef","Mid","2023","2023-04-19 09:34:39",0,51464,"TUT-05935","CA",1,10,1,2.5,0,1004481,"ACSP","Digitate",48,2,0,"","",0,"","","","",0,"","","",NA,NA,NA,NA,NA,NA,"ACSP","Scleractinia","Acropora sp",-14.36427,-170.7383,"TUT_SE_OPEN","2023","RAMP_BASIC",14.02012,15.23926,"ACSP",10
"123","RA2301_LEG3","SAMOA","American Samoa","Tutuila","TUT","Forereef","Mid","2023","2023-04-19 09:34:39",0,51464,"TUT-05935","CSC",1,15,1,2.5,0,1002450,"ACSP","Digitate",23,0,0,"","",0,"","","","",0,"","","",NA,NA,NA,NA,NA,NA,"ACSP","Scleractinia","Acropora sp",-14.36427,-170.7383,"TUT_SE_OPEN","2023","RAMP_BASIC",14.02012,15.23926,"ACSP",10
"124","RA2301_LEG3","SAMOA","American Samoa","Tutuila","TUT","Forereef","Mid","2023","2023-04-19 09:34:39",0,51464,"TUT-05935","CSC",1,15,1,2.5,0,1002455,"ACSP","Digitate",8,0,0,"","",0,"","","","",0,"","","",NA,NA,NA,NA,NA,NA,"ACSP","Scleractinia","Acropora sp",-14.36427,-170.7383,"TUT_SE_OPEN","2023","RAMP_BASIC",14.02012,15.23926,"ACSP",10
"125","RA2301_LEG3","SAMOA","American Samoa","Tutuila","TUT","Forereef","Deep","2023","2023-04-12 09:47:15",0,51344,"TUT-05937","BH",1,5,1,2.5,0,1015850,"AGLO","Digitate",6,0,0,"","",0,"","","","",0,"","","",NA,NA,NA,NA,NA,NA,"ACSP","Scleractinia","Acropora globiceps",-14.3602,-170.7354,"TUT_SE_OPEN","2023","RAMP_BASIC",19.50625,20.72539,"AGLO",7.5
"126","RA2301_LEG3","SAMOA","American Samoa","Tutuila","TUT","Forereef","Mid","2023","2023-04-19 14:04:47",0,51463,"TUT-05975","M_A",1,5,1,2.5,0,1002039,"ACSP","Digitate",34,0,1,"PRED","FISH",0,"","","","",0,"","","",NA,NA,NA,NA,NA,NA,"ACSP","Scleractinia","Acropora sp",-14.33703,-170.7108,"TUT_SE_OPEN","2023","RAMP_BASIC",8.838769,9.753124,"ACSP",7.5
"127","RA2301_LEG3","SAMOA","American Samoa","Tutuila","TUT","Forereef","Mid","2023","2023-04-19 10:36:17",0,51461,"TUT-05982","DTP",1,10,1,2.5,0,1001041,"ACSP","Digitate",19,0,20,"PRED","GAST",0,"","","","",0,"","","",NA,NA,NA,NA,NA,NA,"ACSP","Scleractinia","Acropora sp",-14.3448,-170.7192,"TUT_SE_OPEN","2023","RAMP_BASIC",11.88662,12.80098,"ACSP",10
"128","RA2301_LEG3","SAMOA","American Samoa","Tutuila","TUT","Forereef","Mid","2023","2023-04-19 10:36:17",0,51461,"TUT-05982","DTP",1,10,1,2.5,0,1001042,"ACSP","Digitate",28,0,15,"PRED","GAST",0,"","","","",0,"","","",NA,NA,NA,NA,NA,NA,"ACSP","Scleractinia","Acropora sp",-14.3448,-170.7192,"TUT_SE_OPEN","2023","RAMP_BASIC",11.88662,12.80098,"ACSP",10
"129","RA2301_LEG3","SAMOA","American Samoa","Tutuila","TUT","Forereef","Mid","2023","2023-04-19 10:36:17",0,51461,"TUT-05982","J_C",1,0,1,2.5,-1,1002576,"ACSP","Digitate",12,5,0,"","",0,"","","","",0,"","","",NA,NA,NA,NA,NA,NA,"ACSP","Scleractinia","Acropora sp",-14.3448,-170.7192,"TUT_SE_OPEN","2023","RAMP_BASIC",11.88662,12.80098,"ACSP",10
"130","RA2301_LEG6","SAMOA","American Samoa","Tutuila","TUT","Forereef","Shallow","2023","2023-07-08 13:57:36",0,51804,"TUT-05351","JC",1,10,1,2.5,0,1098656,"AGLO","Digitate",40.84018,2,0,"","",0,"","","","",0,"","","",NA,NA,NA,NA,NA,NA,"ACSP","Scleractinia","Acropora globiceps",-14.25577,-170.6236,"TUT_NE_OPEN","2023",NA,NA,NA,"AGLO",10
"131","RA2301_LEG7","SAMOA","American Samoa","Tutuila","TUT","Forereef","Mid","2023","2023-07-27 10:36:13",0,51941,"TUT-05425","IGB",1,15,1,2.5,0,1098399,"ACSP","Digitate",91.84535,20,0,"","",0,"","","","",0,"","","",NA,NA,NA,NA,NA,NA,"ACSP","Scleractinia","Acropora sp",-14.36252,-170.7659,"TUT_FAGATELE","2023",NA,NA,NA,"ACSP",10
"132","RA2301_LEG7","SAMOA","American Samoa","Tutuila","TUT","Forereef","Mid","2023","2023-07-27 10:36:13",0,51941,"TUT-05425","IGB",1,15,1,2.5,0,1098400,"ACSP","Digitate",103.1978,40,0,"","",0,"","","","",0,"","","",NA,NA,NA,NA,NA,NA,"ACSP","Scleractinia","Acropora sp",-14.36252,-170.7659,"TUT_FAGATELE","2023",NA,NA,NA,"ACSP",10
